item_id,identity_type,identity_id,identity_name,application,access,reviewer,risk_score,risk_level,risk_reasons,recommendation,decision,justification
N-NHI001,NHI,NHI001,svc_legacy_reporting,FinanceDB,High,Dane Shuler,215,CRITICAL,terminated or missing owner; high privilege; production identity; credential age 380 days; credential rotation required; stale usage (120 days),ESCALATE,ESCALATE,Service account owner is terminated. Business ownership and continued need should be verified before making access changes.
H-A0001,HUMAN,E1050,James Reed,SAP,Vendor_Create,Dane Shuler,165,CRITICAL,terminated employee retains active access; high-risk entitlement; SOX-controlled access; stale login (108 days),REVOKE,REVOKE,Employee is terminated and should no longer retain active SAP vendor creation access.
H-A0175,HUMAN,E1050,James Reed,FinanceDB,Finance_Admin,Dane Shuler,165,CRITICAL,terminated employee retains active access; high-risk entitlement; SOX-controlled access; stale login (131 days),REVOKE,,
H-A0033,HUMAN,E1050,James Reed,FinanceDB,Finance_Admin,Dane Shuler,145,CRITICAL,terminated employee retains active access; high-risk entitlement; SOX-controlled access,REVOKE,,
H-A0095,HUMAN,E1049,James Reed,FinanceDB,Finance_Admin,Dane Shuler,145,CRITICAL,terminated employee retains active access; high-risk entitlement; SOX-controlled access,REVOKE,,
H-A0117,HUMAN,E1049,James Reed,LoanAPI,Loan_Operator,Dane Shuler,145,CRITICAL,terminated employee retains active access; high-risk entitlement; stale login (145 days),REVOKE,,
H-A0189,HUMAN,E1050,James Reed,FinanceDB,Finance_Admin,Dane Shuler,145,CRITICAL,terminated employee retains active access; high-risk entitlement; SOX-controlled access,REVOKE,,
H-A0076,HUMAN,E1050,James Reed,LoanAPI,Loan_Operator,Dane Shuler,125,CRITICAL,terminated employee retains active access; high-risk entitlement,REVOKE,,
H-A0140,HUMAN,E1049,James Reed,LoanAPI,Loan_Operator,Dane Shuler,125,CRITICAL,terminated employee retains active access; high-risk entitlement,REVOKE,,
H-A0124,HUMAN,E1049,James Reed,Active Directory,Standard User,Dane Shuler,120,CRITICAL,terminated employee retains active access; stale login (121 days),REVOKE,,
N-NHI013,NHI,NHI013,svc_loanapi_13,LoanAPI,Medium,Dane Shuler,120,CRITICAL,terminated or missing owner; stale usage (155 days),ESCALATE,,
N-NHI008,NHI,NHI008,svc_sap_08,SAP,Critical,Dane Shuler,110,CRITICAL,critical privilege; production identity; credential age 466 days; stale usage (117 days),REVIEW,,
N-NHI012,NHI,NHI012,svc_financedb_12,FinanceDB,Critical,Dane Shuler,110,CRITICAL,critical privilege; production identity; credential age 431 days; stale usage (144 days),REVIEW,,
N-NHI039,NHI,NHI039,svc_sap_39,SAP,Critical,Dane Shuler,110,CRITICAL,critical privilege; credential age 449 days; credential rotation required; stale usage (171 days),REVIEW,,
H-A0063,HUMAN,E1049,James Reed,Active Directory,Standard User,Dane Shuler,100,CRITICAL,terminated employee retains active access,REVOKE,,
H-A0075,HUMAN,E1049,James Reed,Active Directory,Standard User,Dane Shuler,100,CRITICAL,terminated employee retains active access,REVOKE,,
N-NHI023,NHI,NHI023,svc_salesforce_23,Salesforce,Critical,Dane Shuler,100,CRITICAL,critical privilege; production identity; credential rotation required; stale usage (150 days),REVIEW,,
N-NHI016,NHI,NHI016,svc_sap_16,SAP,High,Dane Shuler,95,CRITICAL,high privilege; production identity; credential age 472 days; stale usage (135 days),REVIEW,,
N-NHI002,NHI,NHI002,svc_salesforce_02,Salesforce,Critical,Dane Shuler,90,CRITICAL,critical privilege; credential age 493 days; stale usage (166 days),REVIEW,,
N-NHI010,NHI,NHI010,svc_sap_10,SAP,Critical,Dane Shuler,80,CRITICAL,critical privilege; credential rotation required; stale usage (116 days),REVIEW,,
N-NHI033,NHI,NHI033,svc_salesforce_33,Salesforce,Critical,Dane Shuler,80,CRITICAL,critical privilege; credential rotation required; stale usage (175 days),REVIEW,,
N-NHI027,NHI,NHI027,svc_sap_27,SAP,Low,Dane Shuler,70,CRITICAL,production identity; credential age 429 days; credential rotation required,REVIEW,,
H-A0020,HUMAN,E1008,Jamie Carter,SAP,Vendor_Create,Maria Lopez,65,HIGH,high-risk entitlement; SOX-controlled access; stale login (141 days),REVIEW,MODIFY,High-risk SAP access has been inactive for an extended period. Review the user's current responsibilities and reduce access to the minimum permissions required.
H-A0027,HUMAN,E1046,Michael Martin,FinanceDB,Finance_Admin,Maria Lopez,65,HIGH,high-risk entitlement; SOX-controlled access; stale login (143 days),REVIEW,,
H-A0037,HUMAN,E1045,David Hall,SAP,Vendor_Create,Maria Lopez,65,HIGH,high-risk entitlement; SOX-controlled access; stale login (97 days),REVIEW,,
H-A0043,HUMAN,E1033,Jamie Martin,FinanceDB,Finance_Admin,Maria Lopez,65,HIGH,high-risk entitlement; SOX-controlled access; stale login (137 days),REVIEW,,
H-A0047,HUMAN,E1021,Casey Clark,FinanceDB,Finance_Admin,Maria Lopez,65,HIGH,high-risk entitlement; SOX-controlled access; stale login (130 days),REVIEW,,
H-A0055,HUMAN,E1013,Michael Young,FinanceDB,Finance_Admin,Maria Lopez,65,HIGH,high-risk entitlement; SOX-controlled access; stale login (97 days),REVIEW,,
H-A0058,HUMAN,E1014,Morgan Wilson,FinanceDB,Finance_Admin,Maria Lopez,65,HIGH,high-risk entitlement; SOX-controlled access; stale login (148 days),REVIEW,,
H-A0071,HUMAN,E1016,Morgan Parker,SAP,Vendor_Create,Maria Lopez,65,HIGH,high-risk entitlement; SOX-controlled access; stale login (116 days),REVIEW,,
H-A0073,HUMAN,E1047,Maria Brown,FinanceDB,Finance_Admin,Maria Lopez,65,HIGH,high-risk entitlement; SOX-controlled access; stale login (140 days),REVIEW,,
H-A0083,HUMAN,E1027,Chris Wright,FinanceDB,Finance_Admin,Maria Lopez,65,HIGH,high-risk entitlement; SOX-controlled access; stale login (149 days),REVIEW,,
H-A0084,HUMAN,E1002,Chris Wright,FinanceDB,Finance_Admin,Maria Lopez,65,HIGH,high-risk entitlement; SOX-controlled access; stale login (122 days),REVIEW,,
H-A0087,HUMAN,E1018,Casey Hall,FinanceDB,Finance_Admin,Maria Lopez,65,HIGH,high-risk entitlement; SOX-controlled access; stale login (124 days),REVIEW,,
H-A0101,HUMAN,E1031,Casey Parker,SAP,Vendor_Create,Maria Lopez,65,HIGH,high-risk entitlement; SOX-controlled access; stale login (144 days),REVIEW,,
H-A0105,HUMAN,E1044,Avery Hall,FinanceDB,Finance_Admin,Maria Lopez,65,HIGH,high-risk entitlement; SOX-controlled access; stale login (101 days),REVIEW,,
H-A0123,HUMAN,E1047,Maria Brown,FinanceDB,Finance_Admin,Maria Lopez,65,HIGH,high-risk entitlement; SOX-controlled access; stale login (125 days),REVIEW,,
H-A0144,HUMAN,E1005,Michael Lopez,FinanceDB,Finance_Admin,Maria Lopez,65,HIGH,high-risk entitlement; SOX-controlled access; stale login (125 days),REVIEW,,
H-A0148,HUMAN,E1034,James Davis,FinanceDB,Finance_Admin,Maria Lopez,65,HIGH,high-risk entitlement; SOX-controlled access; stale login (115 days),REVIEW,,
H-A0169,HUMAN,E1038,Taylor Martin,FinanceDB,Finance_Admin,Maria Lopez,65,HIGH,high-risk entitlement; SOX-controlled access; stale login (125 days),REVIEW,,
H-A0194,HUMAN,E1036,Jessica Reed,FinanceDB,Finance_Admin,Maria Lopez,65,HIGH,high-risk entitlement; SOX-controlled access; stale login (116 days),REVIEW,,
H-A0200,HUMAN,E1029,Michael Wilson,SAP,Vendor_Create,Maria Lopez,65,HIGH,high-risk entitlement; SOX-controlled access; stale login (134 days),REVIEW,,
H-A0026,HUMAN,E1017,Jamie Parker,Active Directory,Domain Admin,David Reed,60,HIGH,critical entitlement; stale login (113 days),REVIEW,,
H-A0034,HUMAN,E1011,Sarah King,Active Directory,Domain Admin,David Reed,60,HIGH,critical entitlement; stale login (105 days),REVIEW,,
H-A0056,HUMAN,E1048,Sarah Carter,Active Directory,Domain Admin,David Reed,60,HIGH,critical entitlement; stale login (145 days),REVIEW,,
H-A0092,HUMAN,E1028,Casey Kim,Active Directory,Domain Admin,David Reed,60,HIGH,critical entitlement; stale login (118 days),REVIEW,,
H-A0167,HUMAN,E1003,Alex Kim,Active Directory,Domain Admin,David Reed,60,HIGH,critical entitlement; stale login (120 days),REVIEW,,
H-A0184,HUMAN,E1008,Jamie Carter,Active Directory,Domain Admin,David Reed,60,HIGH,critical entitlement; stale login (127 days),REVIEW,,
H-A0187,HUMAN,E1036,Jessica Reed,Active Directory,Domain Admin,David Reed,60,HIGH,critical entitlement; stale login (98 days),REVIEW,,
H-A0198,HUMAN,E1043,Sarah Young,Active Directory,Domain Admin,David Reed,60,HIGH,critical entitlement; stale login (126 days),REVIEW,,
N-NHI015,NHI,NHI015,svc_sap_15,SAP,Critical,Maria Lopez,60,HIGH,critical privilege; credential rotation required,REVIEW,,
N-NHI011,NHI,NHI011,svc_sap_11,SAP,Low,Maria Lopez,50,HIGH,credential age 429 days; stale usage (147 days),REVIEW,,
N-NHI017,NHI,NHI017,svc_sap_17,SAP,Medium,Maria Lopez,50,HIGH,production identity; credential age 445 days,REVIEW,,
N-NHI030,NHI,NHI030,svc_sap_30,SAP,Medium,Maria Lopez,50,HIGH,production identity; credential age 384 days,REVIEW,,
H-A0005,HUMAN,E1004,Jordan Brown,LoanAPI,Loan_Operator,David Reed,45,HIGH,high-risk entitlement; stale login (128 days),REVIEW,,
H-A0007,HUMAN,E1012,Maria Young,SAP,Vendor_Create,Maria Lopez,45,HIGH,high-risk entitlement; SOX-controlled access,REVIEW,,
H-A0008,HUMAN,E1016,Morgan Parker,FinanceDB,Finance_Admin,Maria Lopez,45,HIGH,high-risk entitlement; SOX-controlled access,REVIEW,,
H-A0013,HUMAN,E1021,Casey Clark,SAP,Vendor_Create,Maria Lopez,45,HIGH,high-risk entitlement; SOX-controlled access,REVIEW,,
H-A0014,HUMAN,E1040,Sarah Martin,SAP,Vendor_Create,Maria Lopez,45,HIGH,high-risk entitlement; SOX-controlled access,REVIEW,,
H-A0017,HUMAN,E1011,Sarah King,LoanAPI,Loan_Operator,David Reed,45,HIGH,high-risk entitlement; stale login (139 days),REVIEW,,
H-A0019,HUMAN,E1043,Sarah Young,SAP,Vendor_Create,Maria Lopez,45,HIGH,high-risk entitlement; SOX-controlled access,REVIEW,,
H-A0024,HUMAN,E1041,Jordan Wilson,FinanceDB,Finance_Admin,Maria Lopez,45,HIGH,high-risk entitlement; SOX-controlled access,REVIEW,,
H-A0028,HUMAN,E1008,Jamie Carter,SAP,Vendor_Create,Maria Lopez,45,HIGH,high-risk entitlement; SOX-controlled access,REVIEW,,
H-A0029,HUMAN,E1003,Alex Kim,Salesforce,Loan_Admin,Emily Parker,45,HIGH,high-risk entitlement; stale login (149 days),REVIEW,,
H-A0030,HUMAN,E1010,Taylor Brown,FinanceDB,Finance_Admin,Maria Lopez,45,HIGH,high-risk entitlement; SOX-controlled access,REVIEW,,
H-A0035,HUMAN,E1012,Maria Young,Salesforce,Loan_Admin,Emily Parker,45,HIGH,high-risk entitlement; stale login (105 days),REVIEW,,
H-A0041,HUMAN,E1013,Michael Young,FinanceDB,Finance_Admin,Maria Lopez,45,HIGH,high-risk entitlement; SOX-controlled access,REVIEW,,
H-A0044,HUMAN,E1002,Chris Wright,SAP,Vendor_Create,Maria Lopez,45,HIGH,high-risk entitlement; SOX-controlled access,REVIEW,,
H-A0046,HUMAN,E1039,Chris Young,FinanceDB,Finance_Admin,Maria Lopez,45,HIGH,high-risk entitlement; SOX-controlled access,REVIEW,,
H-A0049,HUMAN,E1046,Michael Martin,FinanceDB,Finance_Admin,Maria Lopez,45,HIGH,high-risk entitlement; SOX-controlled access,REVIEW,,
H-A0053,HUMAN,E1043,Sarah Young,FinanceDB,Finance_Admin,Maria Lopez,45,HIGH,high-risk entitlement; SOX-controlled access,REVIEW,,
H-A0059,HUMAN,E1042,Michael Allen,Salesforce,Loan_Admin,Emily Parker,45,HIGH,high-risk entitlement; stale login (119 days),REVIEW,,
H-A0072,HUMAN,E1030,Casey Carter,Salesforce,Loan_Admin,Emily Parker,45,HIGH,high-risk entitlement; stale login (113 days),REVIEW,,
H-A0074,HUMAN,E1011,Sarah King,LoanAPI,Loan_Operator,David Reed,45,HIGH,high-risk entitlement; stale login (115 days),REVIEW,,
H-A0077,HUMAN,E1029,Michael Wilson,SAP,Vendor_Create,Maria Lopez,45,HIGH,high-risk entitlement; SOX-controlled access,REVIEW,,
H-A0081,HUMAN,E1027,Chris Wright,FinanceDB,Finance_Admin,Maria Lopez,45,HIGH,high-risk entitlement; SOX-controlled access,REVIEW,,
H-A0082,HUMAN,E1030,Casey Carter,FinanceDB,Finance_Admin,Maria Lopez,45,HIGH,high-risk entitlement; SOX-controlled access,REVIEW,,
H-A0088,HUMAN,E1025,Morgan Hall,Salesforce,Loan_Admin,Emily Parker,45,HIGH,high-risk entitlement; stale login (103 days),REVIEW,,
H-A0098,HUMAN,E1042,Michael Allen,SAP,Vendor_Create,Maria Lopez,45,HIGH,high-risk entitlement; SOX-controlled access,REVIEW,,
H-A0103,HUMAN,E1039,Chris Young,SAP,Vendor_Create,Maria Lopez,45,HIGH,high-risk entitlement; SOX-controlled access,REVIEW,,
H-A0106,HUMAN,E1013,Michael Young,SAP,Vendor_Create,Maria Lopez,45,HIGH,high-risk entitlement; SOX-controlled access,REVIEW,,
H-A0114,HUMAN,E1031,Casey Parker,LoanAPI,Loan_Operator,David Reed,45,HIGH,high-risk entitlement; stale login (111 days),REVIEW,,
H-A0118,HUMAN,E1043,Sarah Young,FinanceDB,Finance_Admin,Maria Lopez,45,HIGH,high-risk entitlement; SOX-controlled access,REVIEW,,
H-A0125,HUMAN,E1046,Michael Martin,LoanAPI,Loan_Operator,David Reed,45,HIGH,high-risk entitlement; stale login (114 days),REVIEW,,
H-A0126,HUMAN,E1002,Chris Wright,SAP,Vendor_Create,Maria Lopez,45,HIGH,high-risk entitlement; SOX-controlled access,REVIEW,,
H-A0128,HUMAN,E1038,Taylor Martin,Salesforce,Loan_Admin,Emily Parker,45,HIGH,high-risk entitlement; stale login (121 days),REVIEW,,
H-A0129,HUMAN,E1034,James Davis,Salesforce,Loan_Admin,Emily Parker,45,HIGH,high-risk entitlement; stale login (108 days),REVIEW,,
H-A0132,HUMAN,E1015,David Davis,SAP,Vendor_Create,Maria Lopez,45,HIGH,high-risk entitlement; SOX-controlled access,REVIEW,,
H-A0147,HUMAN,E1008,Jamie Carter,FinanceDB,Finance_Admin,Maria Lopez,45,HIGH,high-risk entitlement; SOX-controlled access,REVIEW,,
H-A0149,HUMAN,E1020,Michael Hall,FinanceDB,Finance_Admin,Maria Lopez,45,HIGH,high-risk entitlement; SOX-controlled access,REVIEW,,
H-A0153,HUMAN,E1036,Jessica Reed,SAP,Vendor_Create,Maria Lopez,45,HIGH,high-risk entitlement; SOX-controlled access,REVIEW,,
H-A0154,HUMAN,E1027,Chris Wright,LoanAPI,Loan_Operator,David Reed,45,HIGH,high-risk entitlement; stale login (120 days),REVIEW,,
H-A0158,HUMAN,E1013,Michael Young,FinanceDB,Finance_Admin,Maria Lopez,45,HIGH,high-risk entitlement; SOX-controlled access,REVIEW,,
H-A0160,HUMAN,E1010,Taylor Brown,SAP,Vendor_Create,Maria Lopez,45,HIGH,high-risk entitlement; SOX-controlled access,REVIEW,,
H-A0163,HUMAN,E1033,Jamie Martin,LoanAPI,Loan_Operator,David Reed,45,HIGH,high-risk entitlement; stale login (112 days),REVIEW,,
H-A0170,HUMAN,E1031,Casey Parker,Salesforce,Loan_Admin,Emily Parker,45,HIGH,high-risk entitlement; stale login (104 days),REVIEW,,
H-A0171,HUMAN,E1021,Casey Clark,SAP,Vendor_Create,Maria Lopez,45,HIGH,high-risk entitlement; SOX-controlled access,REVIEW,,
H-A0176,HUMAN,E1001,Chris Davis,LoanAPI,Loan_Operator,David Reed,45,HIGH,high-risk entitlement; stale login (105 days),REVIEW,,
H-A0177,HUMAN,E1013,Michael Young,Salesforce,Loan_Admin,Emily Parker,45,HIGH,high-risk entitlement; stale login (127 days),REVIEW,,
H-A0196,HUMAN,E1015,David Davis,FinanceDB,Finance_Admin,Maria Lopez,45,HIGH,high-risk entitlement; SOX-controlled access,REVIEW,,
H-A0197,HUMAN,E1048,Sarah Carter,LoanAPI,Loan_Operator,David Reed,45,HIGH,high-risk entitlement; stale login (97 days),REVIEW,,
N-NHI005,NHI,NHI005,svc_sap_05,SAP,High,Maria Lopez,45,HIGH,high privilege; production identity,REVIEW,,
H-A0006,HUMAN,E1011,Sarah King,SAP,Finance_Read,Maria Lopez,40,HIGH,SOX-controlled access; stale login (130 days),REVIEW,,
H-A0012,HUMAN,E1026,Emily Kim,Active Directory,Domain Admin,David Reed,40,HIGH,critical entitlement,REVIEW,,
H-A0018,HUMAN,E1020,Michael Hall,SAP,Finance_Read,Maria Lopez,40,HIGH,SOX-controlled access; stale login (141 days),REVIEW,,
H-A0061,HUMAN,E1048,Sarah Carter,Active Directory,Domain Admin,David Reed,40,HIGH,critical entitlement,REVIEW,,
H-A0064,HUMAN,E1013,Michael Young,Active Directory,Domain Admin,David Reed,40,HIGH,critical entitlement,REVIEW,,
H-A0079,HUMAN,E1006,David Parker,Active Directory,Domain Admin,David Reed,40,HIGH,critical entitlement,REVIEW,,
H-A0080,HUMAN,E1025,Morgan Hall,Active Directory,Domain Admin,David Reed,40,HIGH,critical entitlement,REVIEW,,
H-A0090,HUMAN,E1035,Casey Martin,SAP,Finance_Read,Maria Lopez,40,HIGH,SOX-controlled access; stale login (100 days),REVIEW,,
H-A0100,HUMAN,E1002,Chris Wright,Active Directory,Domain Admin,David Reed,40,HIGH,critical entitlement,REVIEW,,
H-A0133,HUMAN,E1008,Jamie Carter,Active Directory,Domain Admin,David Reed,40,HIGH,critical entitlement,REVIEW,,
H-A0138,HUMAN,E1035,Casey Martin,Active Directory,Domain Admin,David Reed,40,HIGH,critical entitlement,REVIEW,,
H-A0152,HUMAN,E1006,David Parker,Active Directory,Domain Admin,David Reed,40,HIGH,critical entitlement,REVIEW,,
H-A0159,HUMAN,E1015,David Davis,Active Directory,Domain Admin,David Reed,40,HIGH,critical entitlement,REVIEW,,
H-A0164,HUMAN,E1039,Chris Young,SAP,Finance_Read,Maria Lopez,40,HIGH,SOX-controlled access; stale login (110 days),REVIEW,,
H-A0173,HUMAN,E1026,Emily Kim,SAP,Finance_Read,Maria Lopez,40,HIGH,SOX-controlled access; stale login (116 days),REVIEW,,
H-A0179,HUMAN,E1036,Jessica Reed,Active Directory,Domain Admin,David Reed,40,HIGH,critical entitlement,REVIEW,,
H-A0182,HUMAN,E1036,Jessica Reed,SAP,Finance_Read,Maria Lopez,40,HIGH,SOX-controlled access; stale login (141 days),REVIEW,,
H-A0188,HUMAN,E1039,Chris Young,Active Directory,Domain Admin,David Reed,40,HIGH,critical entitlement,REVIEW,,
N-NHI003,NHI,NHI003,svc_salesforce_03,Salesforce,Medium,Emily Parker,40,HIGH,production identity; stale usage (138 days),REVIEW,,
N-NHI004,NHI,NHI004,svc_financedb_04,FinanceDB,Low,Maria Lopez,40,HIGH,credential rotation required; stale usage (111 days),REVIEW,,
N-NHI019,NHI,NHI019,svc_sap_19,SAP,Low,Maria Lopez,40,HIGH,credential rotation required; stale usage (149 days),REVIEW,,
N-NHI020,NHI,NHI020,svc_financedb_20,FinanceDB,Medium,Maria Lopez,40,HIGH,credential rotation required; stale usage (158 days),REVIEW,,
N-NHI021,NHI,NHI021,svc_salesforce_21,Salesforce,Low,Emily Parker,40,HIGH,credential rotation required; stale usage (179 days),REVIEW,,
N-NHI022,NHI,NHI022,svc_sap_22,SAP,Medium,Maria Lopez,40,HIGH,production identity; stale usage (126 days),REVIEW,,
N-NHI037,NHI,NHI037,svc_sap_37,SAP,Low,Maria Lopez,40,HIGH,credential rotation required; stale usage (95 days),REVIEW,,
H-A0002,HUMAN,E1047,Maria Brown,LoanAPI,Loan_Operator,Avery Wright,25,MEDIUM,high-risk entitlement,REVIEW,,
H-A0010,HUMAN,E1043,Sarah Young,Salesforce,Loan_Admin,David Parker,25,MEDIUM,high-risk entitlement,REVIEW,,
H-A0011,HUMAN,E1043,Sarah Young,Salesforce,Loan_Admin,David Parker,25,MEDIUM,high-risk entitlement,REVIEW,,
H-A0025,HUMAN,E1001,Chris Davis,Salesforce,Loan_Admin,Michael Brown,25,MEDIUM,high-risk entitlement,REVIEW,,
H-A0031,HUMAN,E1020,Michael Hall,Salesforce,Loan_Admin,Jordan Martin,25,MEDIUM,high-risk entitlement,REVIEW,,
H-A0039,HUMAN,E1030,Casey Carter,Salesforce,Loan_Admin,Taylor Parker,25,MEDIUM,high-risk entitlement,REVIEW,,
H-A0051,HUMAN,E1005,Michael Lopez,Salesforce,Loan_Admin,Taylor Davis,25,MEDIUM,high-risk entitlement,REVIEW,,
H-A0062,HUMAN,E1033,Jamie Martin,Salesforce,Loan_Admin,Jamie Wilson,25,MEDIUM,high-risk entitlement,REVIEW,,
H-A0065,HUMAN,E1016,Morgan Parker,LoanAPI,Loan_Operator,Avery Allen,25,MEDIUM,high-risk entitlement,REVIEW,,
H-A0070,HUMAN,E1045,David Hall,LoanAPI,Loan_Operator,Emily Allen,25,MEDIUM,high-risk entitlement,REVIEW,,
H-A0078,HUMAN,E1018,Casey Hall,Salesforce,Loan_Admin,Emily Brown,25,MEDIUM,high-risk entitlement,REVIEW,,
H-A0089,HUMAN,E1011,Sarah King,LoanAPI,Loan_Operator,Michael King,25,MEDIUM,high-risk entitlement,REVIEW,,
H-A0094,HUMAN,E1014,Morgan Wilson,LoanAPI,Loan_Operator,Jordan Hall,25,MEDIUM,high-risk entitlement,REVIEW,,
H-A0109,HUMAN,E1028,Casey Kim,Salesforce,Loan_Admin,Avery Young,25,MEDIUM,high-risk entitlement,REVIEW,,
H-A0110,HUMAN,E1042,Michael Allen,Salesforce,Loan_Admin,Maria Allen,25,MEDIUM,high-risk entitlement,REVIEW,,
H-A0111,HUMAN,E1027,Chris Wright,LoanAPI,Loan_Operator,Chris Davis,25,MEDIUM,high-risk entitlement,REVIEW,,
H-A0112,HUMAN,E1024,David Clark,LoanAPI,Loan_Operator,Maria Martin,25,MEDIUM,high-risk entitlement,REVIEW,,
H-A0119,HUMAN,E1032,Michael Wright,Salesforce,Loan_Admin,Taylor Kim,25,MEDIUM,high-risk entitlement,REVIEW,,
H-A0120,HUMAN,E1014,Morgan Wilson,Salesforce,Loan_Admin,Jordan Hall,25,MEDIUM,high-risk entitlement,REVIEW,,
H-A0130,HUMAN,E1036,Jessica Reed,Salesforce,Loan_Admin,Morgan Young,25,MEDIUM,high-risk entitlement,REVIEW,,
H-A0134,HUMAN,E1048,Sarah Carter,LoanAPI,Loan_Operator,Morgan Martin,25,MEDIUM,high-risk entitlement,REVIEW,,
H-A0142,HUMAN,E1029,Michael Wilson,Salesforce,Loan_Admin,Emily Allen,25,MEDIUM,high-risk entitlement,REVIEW,,
H-A0143,HUMAN,E1017,Jamie Parker,LoanAPI,Loan_Operator,David Davis,25,MEDIUM,high-risk entitlement,REVIEW,,
H-A0156,HUMAN,E1019,Casey Wright,LoanAPI,Loan_Operator,Morgan Lopez,25,MEDIUM,high-risk entitlement,REVIEW,,
H-A0168,HUMAN,E1042,Michael Allen,LoanAPI,Loan_Operator,Maria Allen,25,MEDIUM,high-risk entitlement,REVIEW,,
H-A0172,HUMAN,E1027,Chris Wright,LoanAPI,Loan_Operator,Chris Davis,25,MEDIUM,high-risk entitlement,REVIEW,,
H-A0180,HUMAN,E1045,David Hall,LoanAPI,Loan_Operator,Emily Allen,25,MEDIUM,high-risk entitlement,REVIEW,,
H-A0186,HUMAN,E1031,Casey Parker,LoanAPI,Loan_Operator,Casey King,25,MEDIUM,high-risk entitlement,REVIEW,,
H-A0192,HUMAN,E1043,Sarah Young,LoanAPI,Loan_Operator,David Parker,25,MEDIUM,high-risk entitlement,REVIEW,,
H-A0193,HUMAN,E1035,Casey Martin,LoanAPI,Loan_Operator,Jamie Hall,25,MEDIUM,high-risk entitlement,REVIEW,,
H-A0199,HUMAN,E1009,Sarah Martin,Salesforce,Loan_Admin,Jessica King,25,MEDIUM,high-risk entitlement,REVIEW,,
N-NHI009,NHI,NHI009,svc_loanapi_09,LoanAPI,High,David Reed,25,MEDIUM,high privilege,REVIEW,,
N-NHI025,NHI,NHI025,svc_sap_25,SAP,High,Maria Lopez,25,MEDIUM,high privilege,REVIEW,,
N-NHI034,NHI,NHI034,svc_loanapi_34,LoanAPI,High,David Reed,25,MEDIUM,high privilege,REVIEW,,
H-A0004,HUMAN,E1048,Sarah Carter,SAP,Finance_Read,Maria Lopez,20,MEDIUM,SOX-controlled access,REVIEW,,
H-A0009,HUMAN,E1016,Morgan Parker,SAP,Finance_Read,Maria Lopez,20,MEDIUM,SOX-controlled access,REVIEW,,
H-A0016,HUMAN,E1005,Michael Lopez,Active Directory,Standard User,Taylor Davis,20,MEDIUM,stale login (94 days),REVIEW,,
H-A0050,HUMAN,E1035,Casey Martin,Active Directory,Standard User,Jamie Hall,20,MEDIUM,stale login (93 days),REVIEW,,
H-A0052,HUMAN,E1008,Jamie Carter,Salesforce,Loan_Read,Chris Lopez,20,MEDIUM,stale login (129 days),REVIEW,,
H-A0054,HUMAN,E1045,David Hall,Salesforce,Loan_Read,Emily Allen,20,MEDIUM,stale login (141 days),REVIEW,,
H-A0057,HUMAN,E1026,Emily Kim,SAP,Finance_Read,Maria Lopez,20,MEDIUM,SOX-controlled access,REVIEW,,
H-A0060,HUMAN,E1029,Michael Wilson,Active Directory,Standard User,Emily Allen,20,MEDIUM,stale login (130 days),REVIEW,,
H-A0066,HUMAN,E1027,Chris Wright,Active Directory,Standard User,Chris Davis,20,MEDIUM,stale login (98 days),REVIEW,,
H-A0068,HUMAN,E1045,David Hall,SAP,Finance_Read,Maria Lopez,20,MEDIUM,SOX-controlled access,REVIEW,,
H-A0085,HUMAN,E1023,James Allen,Salesforce,Loan_Read,Morgan Reed,20,MEDIUM,stale login (99 days),REVIEW,,
H-A0086,HUMAN,E1027,Chris Wright,Active Directory,Standard User,Chris Davis,20,MEDIUM,stale login (124 days),REVIEW,,
H-A0091,HUMAN,E1037,Maria Kim,SAP,Finance_Read,Maria Lopez,20,MEDIUM,SOX-controlled access,REVIEW,,
H-A0093,HUMAN,E1004,Jordan Brown,Salesforce,Loan_Read,Chris Young,20,MEDIUM,stale login (97 days),REVIEW,,
H-A0097,HUMAN,E1002,Chris Wright,SAP,Finance_Read,Maria Lopez,20,MEDIUM,SOX-controlled access,REVIEW,,
H-A0102,HUMAN,E1030,Casey Carter,Salesforce,Loan_Read,Taylor Parker,20,MEDIUM,stale login (94 days),REVIEW,,
H-A0104,HUMAN,E1007,Sarah Reed,SAP,Finance_Read,Maria Lopez,20,MEDIUM,SOX-controlled access,REVIEW,,
H-A0108,HUMAN,E1037,Maria Kim,SAP,Finance_Read,Maria Lopez,20,MEDIUM,SOX-controlled access,REVIEW,,
H-A0113,HUMAN,E1012,Maria Young,Salesforce,Loan_Read,Avery Parker,20,MEDIUM,stale login (137 days),REVIEW,,
H-A0116,HUMAN,E1006,David Parker,Salesforce,Loan_Read,Jessica Wilson,20,MEDIUM,stale login (115 days),REVIEW,,
H-A0121,HUMAN,E1018,Casey Hall,Salesforce,Loan_Read,Emily Brown,20,MEDIUM,stale login (142 days),REVIEW,,
H-A0141,HUMAN,E1037,Maria Kim,Salesforce,Loan_Read,Michael Brown,20,MEDIUM,stale login (120 days),REVIEW,,
H-A0145,HUMAN,E1037,Maria Kim,SAP,Finance_Read,Maria Lopez,20,MEDIUM,SOX-controlled access,REVIEW,,
H-A0150,HUMAN,E1040,Sarah Martin,SAP,Finance_Read,Maria Lopez,20,MEDIUM,SOX-controlled access,REVIEW,,
H-A0157,HUMAN,E1015,David Davis,Salesforce,Loan_Read,Casey Young,20,MEDIUM,stale login (150 days),REVIEW,,
H-A0161,HUMAN,E1020,Michael Hall,Salesforce,Loan_Read,Jordan Martin,20,MEDIUM,stale login (112 days),REVIEW,,
H-A0162,HUMAN,E1030,Casey Carter,Salesforce,Loan_Read,Taylor Parker,20,MEDIUM,stale login (103 days),REVIEW,,
H-A0166,HUMAN,E1015,David Davis,SAP,Finance_Read,Maria Lopez,20,MEDIUM,SOX-controlled access,REVIEW,,
H-A0178,HUMAN,E1029,Michael Wilson,SAP,Finance_Read,Maria Lopez,20,MEDIUM,SOX-controlled access,REVIEW,,
H-A0185,HUMAN,E1019,Casey Wright,Salesforce,Loan_Read,Morgan Lopez,20,MEDIUM,stale login (106 days),REVIEW,,
H-A0191,HUMAN,E1047,Maria Brown,Salesforce,Loan_Read,Avery Wright,20,MEDIUM,stale login (150 days),REVIEW,,
H-A0195,HUMAN,E1013,Michael Young,Active Directory,Standard User,Jessica Hall,20,MEDIUM,stale login (146 days),REVIEW,,
N-NHI006,NHI,NHI006,svc_loanapi_06,LoanAPI,Medium,David Reed,20,MEDIUM,credential rotation required,REVIEW,,
N-NHI007,NHI,NHI007,svc_salesforce_07,Salesforce,Medium,Emily Parker,20,MEDIUM,stale usage (158 days),REVIEW,,
N-NHI014,NHI,NHI014,svc_loanapi_14,LoanAPI,Low,David Reed,20,MEDIUM,stale usage (160 days),REVIEW,,
N-NHI026,NHI,NHI026,svc_loanapi_26,LoanAPI,Medium,David Reed,20,MEDIUM,credential rotation required,REVIEW,,
N-NHI028,NHI,NHI028,svc_loanapi_28,LoanAPI,Low,David Reed,20,MEDIUM,credential rotation required,REVIEW,,
N-NHI029,NHI,NHI029,svc_sap_29,SAP,Medium,Maria Lopez,20,MEDIUM,production identity,REVIEW,,
N-NHI031,NHI,NHI031,svc_financedb_31,FinanceDB,Low,Maria Lopez,20,MEDIUM,credential rotation required,REVIEW,,
N-NHI032,NHI,NHI032,svc_financedb_32,FinanceDB,Low,Maria Lopez,20,MEDIUM,stale usage (168 days),REVIEW,,
N-NHI038,NHI,NHI038,svc_salesforce_38,Salesforce,Medium,Emily Parker,20,MEDIUM,credential rotation required,REVIEW,,
H-A0003,HUMAN,E1019,Casey Wright,Active Directory,Standard User,Morgan Lopez,0,NORMAL,none,REVIEW,CERTIFY,Standard Active Directory access remains appropriate for the employee's current responsibilities.
H-A0015,HUMAN,E1014,Morgan Wilson,Salesforce,Loan_Read,Jordan Hall,0,NORMAL,none,REVIEW,,
H-A0021,HUMAN,E1018,Casey Hall,Salesforce,Loan_Read,Emily Brown,0,NORMAL,none,REVIEW,,
H-A0022,HUMAN,E1022,Maria Kim,Active Directory,Standard User,Jamie Carter,0,NORMAL,none,REVIEW,,
H-A0023,HUMAN,E1032,Michael Wright,Salesforce,Loan_Read,Taylor Kim,0,NORMAL,none,REVIEW,,
H-A0032,HUMAN,E1014,Morgan Wilson,Active Directory,Standard User,Jordan Hall,0,NORMAL,none,REVIEW,,
H-A0036,HUMAN,E1043,Sarah Young,Active Directory,Standard User,David Parker,0,NORMAL,none,REVIEW,,
H-A0038,HUMAN,E1031,Casey Parker,Active Directory,Standard User,Casey King,0,NORMAL,none,REVIEW,,
H-A0040,HUMAN,E1015,David Davis,Active Directory,Standard User,Casey Young,0,NORMAL,none,REVIEW,,
H-A0042,HUMAN,E1005,Michael Lopez,Salesforce,Loan_Read,Taylor Davis,0,NORMAL,none,REVIEW,,
H-A0045,HUMAN,E1038,Taylor Martin,Salesforce,Loan_Read,Michael Clark,0,NORMAL,none,REVIEW,,
H-A0048,HUMAN,E1025,Morgan Hall,Active Directory,Standard User,Sarah Young,0,NORMAL,none,REVIEW,,
H-A0067,HUMAN,E1026,Emily Kim,Active Directory,Standard User,Jessica Reed,0,NORMAL,none,REVIEW,,
H-A0069,HUMAN,E1028,Casey Kim,Active Directory,Standard User,Avery Young,0,NORMAL,none,REVIEW,,
H-A0096,HUMAN,E1027,Chris Wright,Salesforce,Loan_Read,Chris Davis,0,NORMAL,none,REVIEW,,
H-A0099,HUMAN,E1002,Chris Wright,Active Directory,Standard User,Jordan Kim,0,NORMAL,none,REVIEW,,
H-A0107,HUMAN,E1045,David Hall,Salesforce,Loan_Read,Emily Allen,0,NORMAL,none,REVIEW,,
H-A0115,HUMAN,E1047,Maria Brown,Salesforce,Loan_Read,Avery Wright,0,NORMAL,none,REVIEW,,
H-A0122,HUMAN,E1034,James Davis,Active Directory,Standard User,Jordan King,0,NORMAL,none,REVIEW,,
H-A0127,HUMAN,E1026,Emily Kim,Active Directory,Standard User,Jessica Reed,0,NORMAL,none,REVIEW,,
H-A0131,HUMAN,E1030,Casey Carter,Salesforce,Loan_Read,Taylor Parker,0,NORMAL,none,REVIEW,,
H-A0135,HUMAN,E1038,Taylor Martin,Salesforce,Loan_Read,Michael Clark,0,NORMAL,none,REVIEW,,
H-A0136,HUMAN,E1013,Michael Young,Salesforce,Loan_Read,Jessica Hall,0,NORMAL,none,REVIEW,,
H-A0137,HUMAN,E1012,Maria Young,Salesforce,Loan_Read,Avery Parker,0,NORMAL,none,REVIEW,,
H-A0139,HUMAN,E1004,Jordan Brown,Salesforce,Loan_Read,Chris Young,0,NORMAL,none,REVIEW,,
H-A0146,HUMAN,E1037,Maria Kim,Salesforce,Loan_Read,Michael Brown,0,NORMAL,none,REVIEW,,
H-A0151,HUMAN,E1014,Morgan Wilson,Active Directory,Standard User,Jordan Hall,0,NORMAL,none,REVIEW,,
H-A0155,HUMAN,E1003,Alex Kim,Active Directory,Standard User,Michael Brown,0,NORMAL,none,REVIEW,,
H-A0165,HUMAN,E1021,Casey Clark,Salesforce,Loan_Read,David Parker,0,NORMAL,none,REVIEW,,
H-A0174,HUMAN,E1021,Casey Clark,Salesforce,Loan_Read,David Parker,0,NORMAL,none,REVIEW,,
H-A0181,HUMAN,E1041,Jordan Wilson,Active Directory,Standard User,Chris Wright,0,NORMAL,none,REVIEW,,
H-A0183,HUMAN,E1006,David Parker,Active Directory,Standard User,Jessica Wilson,0,NORMAL,none,REVIEW,,
H-A0190,HUMAN,E1033,Jamie Martin,Salesforce,Loan_Read,Jamie Wilson,0,NORMAL,none,REVIEW,,
N-NHI018,NHI,NHI018,svc_sap_18,SAP,Low,Maria Lopez,0,NORMAL,none,REVIEW,,
N-NHI024,NHI,NHI024,svc_salesforce_24,Salesforce,Medium,Emily Parker,0,NORMAL,none,REVIEW,,
N-NHI035,NHI,NHI035,svc_salesforce_35,Salesforce,Medium,Emily Parker,0,NORMAL,none,REVIEW,,
N-NHI036,NHI,NHI036,svc_salesforce_36,Salesforce,Low,Emily Parker,0,NORMAL,none,REVIEW,,
N-NHI040,NHI,NHI040,svc_sap_40,SAP,Medium,Maria Lopez,0,NORMAL,none,REVIEW,,
