employee_id,name,title,department,manager,status,hire_date,termination_date
E1001,Chris Davis,Financial Analyst,Finance,Michael Brown,Active,2025-09-16,
E1002,Chris Wright,AP Analyst,Finance,Jordan Kim,Active,2023-03-07,
E1003,Alex Kim,Loan Officer,Lending,Michael Brown,Active,2023-08-29,
E1004,Jordan Brown,Operations Analyst,Operations,Chris Young,Active,2022-07-23,
E1005,Michael Lopez,Operations Specialist,Operations,Taylor Davis,Active,2026-06-15,
E1006,David Parker,Help Desk Analyst,IT,Jessica Wilson,Active,2025-04-14,
E1007,Sarah Reed,Security Analyst,Security,Sarah Parker,Active,2024-07-24,
E1008,Jamie Carter,Operations Specialist,Operations,Chris Lopez,Active,2023-06-26,
E1009,Sarah Martin,Accountant,Finance,Jessica King,Active,2022-12-19,
E1010,Taylor Brown,Operations Specialist,Operations,Chris Kim,Active,2026-03-27,
E1011,Sarah King,Cloud Engineer,IT,Michael King,Active,2025-12-04,
E1012,Maria Young,Credit Analyst,Lending,Avery Parker,Active,2025-07-30,
E1013,Michael Young,IAM Analyst,Security,Jessica Hall,Active,2022-08-29,
E1014,Morgan Wilson,AP Analyst,Finance,Jordan Hall,Active,2025-02-12,
E1015,David Davis,Cloud Engineer,IT,Casey Young,Active,2022-08-19,
E1016,Morgan Parker,Operations Analyst,Operations,Avery Allen,Active,2026-03-06,
E1017,Jamie Parker,System Administrator,IT,David Davis,Active,2026-02-13,
E1018,Casey Hall,Help Desk Analyst,IT,Emily Brown,Active,2022-10-25,
E1019,Casey Wright,Credit Analyst,Lending,Morgan Lopez,Active,2025-09-09,
E1020,Michael Hall,Security Analyst,Security,Jordan Martin,Active,2025-01-06,
E1021,Casey Clark,Operations Specialist,Operations,David Parker,Active,2025-04-05,
E1022,Maria Kim,Help Desk Analyst,IT,Jamie Carter,Active,2025-11-16,
E1023,James Allen,Help Desk Analyst,IT,Morgan Reed,Active,2023-02-23,
E1024,David Clark,Accountant,Finance,Maria Martin,Active,2025-01-30,
E1025,Morgan Hall,Operations Analyst,Operations,Sarah Young,Active,2023-06-25,
E1026,Emily Kim,Security Engineer,Security,Jessica Reed,Active,2025-08-09,
E1027,Chris Wright,Loan Officer,Lending,Chris Davis,Active,2023-09-07,
E1028,Casey Kim,Help Desk Analyst,IT,Avery Young,Active,2024-10-25,
E1029,Michael Wilson,Manager,Operations,Emily Allen,Active,2025-08-02,
E1030,Casey Carter,Manager,Operations,Taylor Parker,Active,2023-10-02,
E1031,Casey Parker,Financial Analyst,Finance,Casey King,Active,2024-10-07,
E1032,Michael Wright,System Administrator,IT,Taylor Kim,Active,2026-01-04,
E1033,Jamie Martin,Loan Officer,Lending,Jamie Wilson,Active,2025-10-09,
E1034,James Davis,Underwriter,Lending,Jordan King,Active,2023-02-02,
E1035,Casey Martin,Loan Officer,Lending,Jamie Hall,Active,2022-08-16,
E1036,Jessica Reed,Help Desk Analyst,IT,Morgan Young,Active,2024-05-25,
E1037,Maria Kim,Underwriter,Lending,Michael Brown,Active,2026-02-17,
E1038,Taylor Martin,Security Analyst,Security,Michael Clark,Active,2025-04-03,
E1039,Chris Young,Financial Analyst,Finance,Alex Brown,Active,2026-02-10,
E1040,Sarah Martin,Accountant,Finance,Michael Davis,Active,2022-09-27,
E1041,Jordan Wilson,Loan Officer,Lending,Chris Wright,Active,2023-04-16,
E1042,Michael Allen,Operations Specialist,Operations,Maria Allen,Active,2024-03-17,
E1043,Sarah Young,System Administrator,IT,David Parker,Active,2024-02-12,
E1044,Avery Hall,Credit Analyst,Lending,Alex Young,Active,2022-10-29,
E1045,David Hall,Financial Analyst,Finance,Emily Allen,Active,2025-11-17,
E1046,Michael Martin,System Administrator,IT,Maria Wilson,Active,2024-02-15,
E1047,Maria Brown,Cloud Engineer,IT,Avery Wright,Active,2026-01-25,
E1048,Sarah Carter,Underwriter,Lending,Morgan Martin,Active,2026-05-29,
E1049,James Reed,Financial Analyst,Finance,Maria Lopez,Terminated,2025-04-17,2026-08-07
E1050,James Reed,Loan Officer,Lending,Alex Reed,Terminated,2025-01-01,2026-08-12
